{"cameraMode":{"drawMode":0,"name":"Shaded","section":"Shading Mode"},"sceneLighting":true,"audioPlay":false,"sceneViewState":{"m_AlwaysRefresh":false,"showFog":true,"showSkybox":true,"showFlares":true,"showImageEffects":true,"showParticleSystems":true,"showVisualEffectGraphs":true,"m_FxEnabled":true},"in2DMode":false,"pivot":{"x":28.415138244628908,"y":20.5435791015625,"z":154.40330505371095},"rotation":{"x":0.03946714103221893,"y":-0.9532651901245117,"z":0.14259812235832215,"w":0.26350972056388857},"size":20.077865600585939,"orthographic":true}