{"cameraMode":{"drawMode":0,"name":"Shaded","section":"Shading Mode"},"sceneLighting":true,"audioPlay":false,"sceneViewState":{"m_AlwaysRefresh":false,"showFog":true,"showSkybox":true,"showFlares":true,"showImageEffects":true,"showParticleSystems":true,"showVisualEffectGraphs":true,"m_FxEnabled":true},"in2DMode":false,"pivot":{"x":80.70867156982422,"y":57.976112365722659,"z":79.81637573242188},"rotation":{"x":0.23319272696971894,"y":-0.43342095613479617,"z":0.11711721122264862,"w":0.862609326839447},"size":22.258485794067384,"orthographic":true}