{"cameraMode":{"drawMode":0,"name":"Shaded","section":"Shading Mode"},"sceneLighting":true,"audioPlay":false,"sceneViewState":{"m_AlwaysRefresh":false,"showFog":true,"showSkybox":true,"showFlares":true,"showImageEffects":true,"showParticleSystems":true,"showVisualEffectGraphs":true,"m_FxEnabled":true},"in2DMode":false,"pivot":{"x":9.62955093383789,"y":11.931636810302735,"z":1.9524030685424805},"rotation":{"x":0.15293116867542268,"y":-0.28661423921585085,"z":0.04639798030257225,"w":0.944635808467865},"size":14.712960243225098,"orthographic":true}