{"cameraMode":{"drawMode":0,"name":"Shaded","section":"Shading Mode"},"sceneLighting":true,"audioPlay":false,"sceneViewState":{"m_AlwaysRefresh":false,"showFog":true,"showSkybox":true,"showFlares":true,"showImageEffects":true,"showParticleSystems":true,"showVisualEffectGraphs":true,"m_FxEnabled":true},"in2DMode":false,"pivot":{"x":-4.579999923706055,"y":4.157121181488037,"z":49.55031204223633},"rotation":{"x":0.03946714103221893,"y":-0.9532651901245117,"z":0.14259812235832215,"w":0.26350972056388857},"size":29.867385864257814,"orthographic":true}