{"cameraMode":{"drawMode":0,"name":"Shaded","section":"Shading Mode"},"sceneLighting":false,"audioPlay":false,"sceneViewState":{"m_AlwaysRefresh":false,"showFog":true,"showSkybox":true,"showFlares":true,"showImageEffects":true,"showParticleSystems":true,"showVisualEffectGraphs":true,"m_FxEnabled":true},"in2DMode":false,"pivot":{"x":7.911962509155273,"y":15.375154495239258,"z":36.80367660522461},"rotation":{"x":0.03946714103221893,"y":-0.9532651901245117,"z":0.14259812235832215,"w":0.26350972056388857},"size":12.82578182220459,"orthographic":true}