{"cameraMode":{"drawMode":0,"name":"Shaded","section":"Shading Mode"},"sceneLighting":true,"audioPlay":false,"sceneViewState":{"m_AlwaysRefresh":false,"showFog":true,"showSkybox":true,"showFlares":true,"showImageEffects":true,"showParticleSystems":true,"showVisualEffectGraphs":true,"m_FxEnabled":true},"in2DMode":false,"pivot":{"x":34.535579681396487,"y":6.954219341278076,"z":0.8750686645507813},"rotation":{"x":0.04995408281683922,"y":-0.5814799070358276,"z":0.035806525498628619,"w":0.8112398386001587},"size":9.118612289428711,"orthographic":true}
