{"cameraMode":{"drawMode":0,"name":"Shaded","section":"Shading Mode"},"sceneLighting":true,"audioPlay":false,"sceneViewState":{"m_AlwaysRefresh":false,"showFog":true,"showSkybox":true,"showFlares":true,"showImageEffects":true,"showParticleSystems":true,"showVisualEffectGraphs":true,"m_FxEnabled":true},"in2DMode":false,"pivot":{"x":47.70774459838867,"y":6.496862888336182,"z":21.476226806640626},"rotation":{"x":0.031017431989312173,"y":-0.8055024743080139,"z":0.042327817529439929,"w":0.5902668833732605},"size":7.9906086921691898,"orthographic":true}
