{"cameraMode":{"drawMode":0,"name":"Shaded","section":"Shading Mode"},"sceneLighting":true,"audioPlay":false,"sceneViewState":{"m_AlwaysRefresh":false,"showFog":true,"showSkybox":true,"showFlares":true,"showImageEffects":true,"showParticleSystems":true,"showVisualEffectGraphs":true,"m_FxEnabled":true},"in2DMode":false,"pivot":{"x":31.499738693237306,"y":18.99311065673828,"z":57.538265228271487},"rotation":{"x":0.12158852815628052,"y":-0.8091111779212952,"z":0.1800503134727478,"w":0.5460614562034607},"size":11.048723220825196,"orthographic":true}
