{"cameraMode":{"drawMode":0,"name":"Shaded","section":"Shading Mode"},"sceneLighting":false,"audioPlay":false,"sceneViewState":{"m_AlwaysRefresh":false,"showFog":true,"showSkybox":false,"showFlares":true,"showImageEffects":true,"showParticleSystems":true,"showVisualEffectGraphs":true,"m_FxEnabled":true},"in2DMode":false,"pivot":{"x":-7.420000076293945,"y":-3.32287859916687,"z":-0.06065431982278824},"rotation":{"x":0.233303964138031,"y":-0.015150719322264195,"z":0.0036426906008273365,"w":0.9722890853881836},"size":38.513633728027347,"orthographic":false}